Id,Prediction
r8815_c277,3
r8815_c174,4
r8815_c559,4
r8815_c340,4
r8815_c731,4
r8815_c182,3
r8815_c334,4
r8815_c235,4
r8815_c746,4
r8815_c68,3
r8815_c644,4
r8815_c602,4
r8815_c426,4
r8815_c148,5
r8815_c712,3
r8815_c89,4
r8815_c118,5
r8815_c159,4
r8815_c389,4
r8815_c37,4
r8815_c755,4
r8815_c495,4
r8815_c673,4
r8815_c161,4
r8815_c689,4
r8815_c367,4
r8815_c6,5
r8815_c331,4
r8815_c770,4
r8815_c433,5
r8815_c121,3
r8815_c165,4
r8815_c303,4
r8815_c849,4
r8815_c841,4
r8815_c366,4
r8815_c143,5
r8815_c609,4
r8815_c329,4
r8815_c171,5
r8815_c239,4
r8815_c764,4
r8815_c394,4
r8815_c353,4
r8815_c932,4
r8815_c766,4
r8815_c45,4
r8815_c5,4
r8815_c984,3
r8815_c650,4
r8815_c620,4
r8815_c886,3
r8815_c138,3
r8815_c978,4
r8815_c945,4
r8815_c405,3
r8815_c615,4
r8815_c439,4
r8815_c306,5
r8815_c391,4
r8815_c88,4
r8815_c789,3
r8815_c674,5
r8815_c154,4
r8815_c369,4
r8815_c660,4
r8815_c822,3
r8815_c640,5
r8815_c387,4
r8815_c16,3
r8815_c191,5
r8815_c662,4
r8815_c33,4
r8815_c427,3
r8815_c867,4
r8815_c309,4
r8815_c384,3
r8815_c639,4
r8815_c219,4
r8815_c966,4
r8815_c492,5
r8815_c486,4
r8815_c686,4
r8815_c913,3
r8815_c553,3
r8815_c611,4
r8815_c550,4
r8815_c396,4
r8815_c206,4
r8815_c274,3
r8815_c682,5
r8815_c336,4
r8815_c67,3
r8815_c335,4
r8815_c318,5
r8815_c294,3
r8815_c351,5
r8815_c25,4
r8815_c258,5
r8815_c399,4
r8815_c733,4
r8815_c802,4
r8815_c814,4
r8815_c400,4
r8815_c613,4
r8815_c698,4
r8815_c237,3
r8815_c487,5
r8815_c445,4
r8815_c64,4
r8815_c7,4
r8815_c665,4
r8815_c916,4
r8815_c156,5
r8815_c193,4
r8815_c571,2
r8815_c403,4
r8815_c101,4
r8815_c179,4
r8815_c606,4
r8815_c215,4
r8815_c643,4
r8815_c633,4
r8815_c498,4
r8815_c314,4
r8815_c333,4
r8815_c297,4
r8815_c675,4
r8815_c823,4
r8815_c697,4
r8815_c582,4
r8815_c53,4
r8815_c81,4
r8815_c14,4
r8815_c282,4
r8815_c810,4
r8815_c300,4
r8815_c664,4
r8815_c785,4
r8815_c126,5
r8815_c363,4
r8815_c585,3
r8815_c499,4
r8815_c581,4
r8815_c969,4
r8815_c490,4
r8815_c10,4
r8815_c576,3
r8815_c188,4
r8815_c950,4
r8815_c940,4
r8815_c301,4
r8815_c659,4
r8815_c157,4
r8815_c313,4
r8815_c779,4
r8815_c705,5
r8815_c636,4
r8815_c638,5
r8815_c661,5
r8815_c257,5
r8815_c586,4
r8815_c213,4
r8815_c747,4
r8815_c342,4
r8815_c605,4
r8815_c522,4
r8815_c298,4
r8815_c826,4
r8815_c128,4
r8815_c745,4
r8815_c905,3
r8815_c783,4
r8815_c26,4
r8815_c748,3
r8815_c386,4
r8815_c251,5
r8815_c628,4
r8815_c285,4
r8815_c295,4
r8815_c584,4
r8815_c570,5
r8815_c24,4
r8815_c616,4
r8815_c842,4
r8815_c652,4
r8815_c52,3
r8815_c78,4
r8815_c406,3
r8815_c332,4
r8815_c484,4
r8815_c781,4
r8815_c349,4
r8815_c338,4
r8815_c804,4
r8815_c308,4
r8815_c702,5
r8815_c794,3
r8815_c645,4
r8815_c311,5
r8815_c598,4
r8815_c676,4
r8815_c131,4
r8815_c1000,4
r333_c285,4
r333_c435,4
r333_c69,4
r333_c61,4
r333_c191,4
r333_c655,4
r333_c24,4
r333_c488,4
r333_c116,4
r333_c335,4
r333_c311,5
r333_c653,4
r333_c650,5
r333_c916,3
r333_c65,3
r333_c72,4
r333_c117,4
r333_c756,4
r333_c70,3
r333_c264,4
r333_c566,2
r333_c988,3
r333_c314,4
r333_c146,4
r333_c897,3
r333_c180,3
r333_c169,4
r333_c862,4
r333_c789,3
r333_c739,4
r333_c482,4
r333_c331,4
r333_c441,3
r333_c501,4
r333_c844,4
r333_c199,3
r333_c647,4
r333_c886,3
r333_c48,4
r333_c668,5
r333_c474,4
r333_c434,4
r333_c14,4
r333_c926,3
r333_c810,4
r333_c412,4
r333_c184,4
r333_c26,4
r333_c74,3
r333_c892,3
r333_c571,3
r333_c770,4
r333_c774,4
r333_c836,3
r333_c718,4
r333_c640,4
r333_c982,4
r333_c943,3
r333_c397,3
r333_c609,4
r333_c283,4
r333_c773,3
r333_c745,4
r333_c32,4
r333_c1,3
r333_c17,3
r333_c950,4
r333_c606,4
r333_c484,4
r333_c134,5
r333_c508,5
r333_c794,4
r333_c817,4
r333_c833,4
r333_c705,4
r333_c536,4
r333_c478,4
r333_c452,4
r333_c626,5
r333_c293,3
r333_c100,4
r333_c257,5
r333_c329,4
r333_c672,4
r333_c266,3
r333_c547,4
r333_c877,4
r333_c779,4
r333_c663,4
r333_c362,3
r333_c302,4
r333_c820,4
r333_c200,4
r333_c882,3
r333_c115,3
r333_c661,4
r333_c156,5
r333_c490,4
r333_c220,4
r333_c996,4
r333_c632,4
r333_c871,3
r333_c971,5
r333_c494,4
r333_c830,3
r333_c308,4
r333_c911,3
r333_c321,5
r333_c999,3
r333_c455,3
r333_c214,4
r333_c62,4
r333_c363,4
r333_c743,4
r333_c105,4
r333_c432,4
r333_c968,3
r333_c941,4
r333_c575,4
r333_c399,4
r333_c549,3
r333_c883,4
r333_c348,4
r333_c667,4
r333_c347,4
r333_c849,4
r333_c475,3
r333_c604,4
r333_c614,4
r333_c765,4
r333_c5,4
r333_c284,3
r333_c46,5
r333_c581,3
r333_c133,4
r333_c620,4
r333_c60,5
r333_c651,4
r333_c843,3
r333_c245,4
r333_c242,4
r333_c746,4
r333_c193,5
r333_c978,4
r333_c406,4
r333_c659,4
r333_c777,4
r333_c736,3
r333_c322,4
r333_c591,4
r333_c269,4
r333_c665,4
r333_c732,3
r333_c379,4
r333_c654,4
r333_c683,4
r333_c7,3
r333_c618,4
r333_c303,4
r333_c20,3
r333_c372,4
r333_c610,4
r333_c402,4
r333_c697,4
r333_c417,4
r333_c45,4
r333_c219,4
r333_c952,4
r333_c249,5
r333_c394,4
r333_c196,3
r333_c691,4
r333_c366,4
r333_c179,3
r333_c330,4
r333_c6,5
r333_c502,4
r333_c194,4
r333_c495,4
r333_c416,4
r333_c696,4
r333_c993,3
r333_c215,4
r333_c247,4
r333_c101,4
r333_c49,3
r333_c656,5
r333_c458,5
r333_c631,4
r333_c88,3
r333_c995,4
r333_c857,3
r333_c301,4
r333_c66,3
r333_c40,4
r333_c309,3
r333_c615,4
r333_c375,4
r333_c936,3
r333_c967,3
r333_c173,4
r2922_c156,5
r2922_c161,4
r2922_c458,4
r2922_c644,4
r2922_c33,3
r2922_c802,4
r2922_c655,4
r2922_c99,3
r2922_c134,4
r2922_c141,3
r2922_c581,4
r2922_c212,4
r2922_c676,5
r2922_c606,4
r2922_c685,4
r2922_c210,3
r2922_c599,4
r2922_c471,4
r2922_c807,3
r2922_c228,3
r2922_c202,4
r2922_c495,5
r2922_c60,5
r2922_c165,3
r2922_c203,4
r2922_c69,4
r2922_c131,4
r2922_c445,4
r2922_c591,5
r2922_c95,4
r2922_c508,4
r2922_c224,3
r2922_c109,2
r2922_c300,4
r2922_c791,4
r2922_c208,3
r2922_c370,4
r2922_c514,3
r2922_c997,4
r2922_c960,2
r2922_c18,2
r2922_c600,4
r2922_c434,4
r2922_c148,5
r2922_c304,4
r2922_c260,3
r2922_c295,4
r2922_c84,4
r2922_c778,4
r2922_c886,3
r2922_c294,3
r2922_c694,4
r2922_c681,4
r2922_c89,4
r2922_c695,4
r2922_c262,4
r2922_c43,4
r2922_c440,4
r2922_c216,4
r2922_c864,4
r2922_c594,5
r2922_c358,4
r2922_c937,3
r2922_c656,4
r2922_c661,4
r2922_c54,3
r2922_c478,4
r2922_c246,4
r2922_c191,5
r2922_c76,4
r2922_c103,3
r2922_c484,4
r2922_c774,4
r2922_c6,5
r2922_c225,3
r2922_c824,4
r2922_c683,5
r2922_c666,4
r2922_c619,4
r2922_c236,4
r2922_c412,4
r2922_c573,4
r2922_c14,5
r2922_c487,4
r2922_c499,4
r2922_c186,3
r2922_c657,4
r2922_c429,4
r2922_c870,3
r2922_c632,4
r2922_c337,4
r2922_c565,3
r2922_c925,4
r2922_c46,4
r2922_c259,4
r2922_c806,4
r2922_c835,4
r2922_c745,3
r2922_c584,3
r2922_c317,5
r2922_c611,4
r2922_c598,4
r2922_c808,4
r2922_c63,3
r2922_c863,4
r2922_c776,3
r2922_c483,4
r2922_c310,5
r2922_c995,3
r2922_c879,3
r2922_c851,2
r2922_c964,4
r2922_c79,4
r2922_c618,4
r2922_c595,5
r2922_c181,4
r2922_c746,4
r2922_c557,4
r2372_c846,4
r2372_c197,5
r2372_c306,4
r2372_c303,4
r2372_c943,4
r2372_c375,3
r2372_c251,4
r2372_c799,4
r2372_c268,3
r2372_c889,3
r2372_c586,3
r2372_c485,4
r2372_c273,3
r2372_c49,2
r2372_c301,4
r2372_c207,3
r2372_c74,3
r2372_c45,4
r2372_c208,4
r2372_c418,3
r2372_c875,3
r2372_c745,4
r2372_c459,4
r2372_c618,4
r2372_c314,4
r2372_c242,3
r2372_c171,4
r2372_c128,3
r2372_c922,4
r2372_c40,4
r2372_c352,4
r2372_c270,4
r2372_c653,3
r2372_c177,4
r2372_c611,4
r2372_c689,4
r2372_c188,4
r2372_c29,2
r2372_c5,4
r2372_c15,4
r2372_c972,3
r2372_c663,4
r2372_c16,4
r2372_c933,4
r2372_c809,4
r2372_c69,3
